{
  "cluster_8": {
    "english": [
      {
        "title": "El Perdedor",
        "artist": "Maluma",
        "album": "Pretty Boy, Dirty Boy",
        "af_danceability": 0.702,
        "af_energy": 0.73,
        "af_loudness": -5.173,
        "af_speechiness": 0.099,
        "af_acousticness": 0.425,
        "af_instrumentalness": 1.25e-06,
        "af_valence": 0.879,
        "af_tempo": 173.967,
        "language_id": 0.0,
        "vectorized_features": [
          0.702,
          0.73,
          -5.173,
          0.099,
          0.425,
          1.25e-06,
          0.879,
          173.967,
          0.0
        ],
        "scaled_vectorized_features": [
          7.70081583914205,
          6.202277760471194,
          -3.093650939292023,
          1.4860948715948428,
          2.730221812496682,
          0.00014216006245184533,
          5.030149613160843,
          5.139663690319636,
          0.0
        ],
        "probability": [
          3.8026200433791514e-41,
          3.8026200433791514e-41,
          3.1775129671566636e-27,
          3.8026200433791514e-41,
          3.8026200433791514e-41,
          3.8026200433791514e-41,
          3.8026200433791514e-41,
          3.8026200433791514e-41,
          1.0,
          3.8026200433791514e-41
        ],
        "gmm_predictions": 8
      },
      {
        "title": "Papi Shampu",
        "artist": "Papichamp",
        "album": "Papi Shampu",
        "af_danceability": 0.629,
        "af_energy": 0.763,
        "af_loudness": -5.572,
        "af_speechiness": 0.0926,
        "af_acousticness": 0.0831,
        "af_instrumentalness": 0.00388,
        "af_valence": 0.886,
        "af_tempo": 94.009,
        "language_id": 0.0,
        "vectorized_features": [
          0.629,
          0.763,
          -5.572,
          0.0926,
          0.0831,
          0.00388,
          0.886,
          94.009,
          0.0
        ],
        "scaled_vectorized_features": [
          6.900018750456338,
          6.482654700328112,
          -3.3322681294674563,
          1.3900240920169944,
          0.5338386649846454,
          0.44126483385052784,
          5.07020768744085,
          2.77739251618559,
          0.0
        ],
        "probability": [
          3.802620043379529e-41,
          3.802620043379529e-41,
          3.802620043379529e-41,
          3.802620043379529e-41,
          3.802620043379529e-41,
          3.802620043379529e-41,
          3.802620043379529e-41,
          3.802620043379529e-41,
          1.0,
          3.802620043379529e-41
        ],
        "gmm_predictions": 8
      }
    ],
    "spanish": [
      {
        "title": "Ginza",
        "artist": "J Balvin",
        "album": "Energía",
        "af_danceability": 0.763,
        "af_energy": 0.812,
        "af_loudness": -6.469,
        "af_speechiness": 0.0792,
        "af_acousticness": 0.187,
        "af_instrumentalness": 0.000848,
        "af_valence": 0.828,
        "af_tempo": 101.95,
        "language_id": 1.0,
        "vectorized_features": [
          0.763,
          0.812,
          -6.469,
          0.0792,
          0.187,
          0.000848,
          0.828,
          101.95,
          1.0
        ],
        "scaled_vectorized_features": [
          8.36997505023559,
          6.8989719746611105,
          -3.8687082788092204,
          1.1888758972758742,
          1.2012975974985403,
          0.09644138636733186,
          4.738297929120794,
          3.0120006278667035,
          2.202220868479077
        ],
        "probability": [
          3.802620043379124e-41,
          3.802620043379124e-41,
          3.802620043379124e-41,
          3.802620043379124e-41,
          3.802620043379124e-41,
          3.802620043379124e-41,
          3.802620043379124e-41,
          3.802620043379124e-41,
          1.0,
          3.802620043379124e-41
        ],
        "gmm_predictions": 8
      },
      {
        "title": "Que Bonito",
        "artist": "Banda XXI",
        "album": "Los Verdugos De La Mufa",
        "af_danceability": 0.778,
        "af_energy": 0.813,
        "af_loudness": -6.486,
        "af_speechiness": 0.0304,
        "af_acousticness": 0.371,
        "af_instrumentalness": 8.16e-05,
        "af_valence": 0.962,
        "af_tempo": 140.031,
        "language_id": 1.0,
        "vectorized_features": [
          0.778,
          0.813,
          -6.486,
          0.0304,
          0.371,
          8.16e-05,
          0.962,
          140.031,
          1.0
        ],
        "scaled_vectorized_features": [
          8.534522397225805,
          6.907468245565864,
          -3.878874926009677,
          0.45633620299478,
          2.383323041026516,
          0.009280208876856462,
          5.505123922480922,
          4.137061892308017,
          2.202220868479077
        ],
        "probability": [
          3.802620043378989e-41,
          3.802620043378989e-41,
          3.802620043378989e-41,
          3.802620043378989e-41,
          3.802620043378989e-41,
          3.802620043378989e-41,
          3.802620043378989e-41,
          3.802620043378989e-41,
          1.0,
          3.802620043378989e-41
        ],
        "gmm_predictions": 8
      },
      {
        "title": "Te Vas - Version Cumbia",
        "artist": "aLee DJ, Zeta Music",
        "album": "VOL. 1",
        "af_danceability": 0.646,
        "af_energy": 0.784,
        "af_loudness": -6.096,
        "af_speechiness": 0.0342,
        "af_acousticness": 0.128,
        "af_instrumentalness": 0.00637,
        "af_valence": 0.978,
        "af_tempo": 150.165,
        "language_id": 1.0,
        "vectorized_features": [
          0.646,
          0.784,
          -6.096,
          0.0342,
          0.128,
          0.00637,
          0.978,
          150.165,
          1.0
        ],
        "scaled_vectorized_features": [
          7.086505743711915,
          6.6610763893279685,
          -3.6456400784697798,
          0.5133782283691275,
          0.8222785694107655,
          0.7244476782546037,
          5.596685235120938,
          4.436459777181005,
          2.202220868479077
        ],
        "probability": [
          3.8026200433795567e-41,
          3.8026200433795567e-41,
          3.8026200433795567e-41,
          3.8026200433795567e-41,
          3.8026200433795567e-41,
          3.8026200433795567e-41,
          3.8026200433795567e-41,
          3.8026200433795567e-41,
          1.0,
          3.8026200433795567e-41
        ],
        "gmm_predictions": 8
      }
    ]
  }
}