{
  "cluster_6": {
    "english": [
      {
        "title": "Cheap Thrills",
        "artist": "Sia",
        "album": "This Is Acting",
        "af_danceability": 0.628,
        "af_energy": 0.698,
        "af_loudness": -5.608,
        "af_speechiness": 0.105,
        "af_acousticness": 0.0472,
        "af_instrumentalness": 0.00143,
        "af_valence": 0.732,
        "af_tempo": 89.976,
        "language_id": 0.0,
        "vectorized_features": [
          0.628,
          0.698,
          -5.608,
          0.105,
          0.0472,
          0.00143,
          0.732,
          89.976,
          0.0
        ],
        "scaled_vectorized_features": [
          6.889048927323657,
          5.9303970915190325,
          -3.3537975000096005,
          1.5761612274490755,
          0.30321522247021976,
          0.16263111144491105,
          4.188930053280702,
          2.658241966581015,
          0.0
        ],
        "probability": [
          6.6062324927641634e-24,
          6.6062324927641634e-24,
          6.6062324927641634e-24,
          6.6062324927641634e-24,
          6.6062324927641634e-24,
          6.6062324927641634e-24,
          1.0,
          6.6062324927641634e-24,
          6.6062324927641634e-24,
          6.6062324927641634e-24
        ],
        "gmm_predictions": 6
      },
      {
        "title": "Lean On (feat. MØ & DJ Snake)",
        "artist": "Major Lazer",
        "album": "Peace Is The Mission",
        "af_danceability": 0.723,
        "af_energy": 0.809,
        "af_loudness": -3.081,
        "af_speechiness": 0.0625,
        "af_acousticness": 0.00346,
        "af_instrumentalness": 0.00123,
        "af_valence": 0.274,
        "af_tempo": 98.007,
        "language_id": 0.0,
        "vectorized_features": [
          0.723,
          0.809,
          -3.081,
          0.0625,
          0.00346,
          0.00123,
          0.274,
          98.007,
          0.0
        ],
        "scaled_vectorized_features": [
          7.93118212492835,
          6.873483161946845,
          -1.842555295565189,
          0.938191206814926,
          0.022227217579384756,
          0.13988550145261577,
          1.5679874789602628,
          2.895509029282315,
          0.0
        ],
        "probability": [
          6.6062324928032875e-24,
          6.6062324928032875e-24,
          6.6062324928032875e-24,
          6.6062324928032875e-24,
          6.6062324928032875e-24,
          6.6062324928032875e-24,
          1.0,
          6.6062324928032875e-24,
          6.6062324928032875e-24,
          6.6062324928032875e-24
        ],
        "gmm_predictions": 6
      },
      {
        "title": "Stressed Out",
        "artist": "Twenty One Pilots",
        "album": "Blurryface",
        "af_danceability": 0.734,
        "af_energy": 0.637,
        "af_loudness": -5.677,
        "af_speechiness": 0.141,
        "af_acousticness": 0.0462,
        "af_instrumentalness": 2.29e-05,
        "af_valence": 0.648,
        "af_tempo": 169.977,
        "language_id": 0.0,
        "vectorized_features": [
          0.734,
          0.637,
          -5.677,
          0.141,
          0.0462,
          2.29e-05,
          0.648,
          169.977,
          0.0
        ],
        "scaled_vectorized_features": [
          8.051850179387841,
          5.412124566328974,
          -3.395062126882044,
          2.1165593625744727,
          0.2967911711466982,
          0.002604372344117806,
          3.7082331619206217,
          5.021783528424705,
          0.0
        ],
        "probability": [
          6.606232492673122e-24,
          6.606232492673122e-24,
          6.606232492673122e-24,
          6.606232492673122e-24,
          6.606232492673122e-24,
          6.606232492673122e-24,
          1.0,
          6.606232492673122e-24,
          6.606232492673122e-24,
          6.606232492673122e-24
        ],
        "gmm_predictions": 6
      },
      {
        "title": "The Greatest",
        "artist": "Sia",
        "album": "This Is Acting (Deluxe Version)",
        "af_danceability": 0.639,
        "af_energy": 0.785,
        "af_loudness": -6.167,
        "af_speechiness": 0.174,
        "af_acousticness": 0.0174,
        "af_instrumentalness": 0.00107,
        "af_valence": 0.686,
        "af_tempo": 191.95,
        "language_id": 0.0,
        "vectorized_features": [
          0.639,
          0.785,
          -6.167,
          0.174,
          0.0174,
          0.00107,
          0.686,
          191.95,
          0.0
        ],
        "scaled_vectorized_features": [
          7.009716981783148,
          6.669572660232723,
          -3.6881007814834534,
          2.6119243197727537,
          0.11177849302927592,
          0.12168901345877958,
          3.925691279440658,
          5.6709516480531015,
          0.0
        ],
        "probability": [
          6.6062324928369904e-24,
          6.6062324928369904e-24,
          6.6062324928369904e-24,
          6.6062324928369904e-24,
          6.6062324928369904e-24,
          6.6062324928369904e-24,
          1.0,
          6.6062324928369904e-24,
          6.6062324928369904e-24,
          6.6062324928369904e-24
        ],
        "gmm_predictions": 6
      },
      {
        "title": "The Greatest (feat. Kendrick Lamar)",
        "artist": "Sia",
        "album": "This Is Acting (Deluxe Version)",
        "af_danceability": 0.668,
        "af_energy": 0.725,
        "af_loudness": -6.127,
        "af_speechiness": 0.266,
        "af_acousticness": 0.0102,
        "af_instrumentalness": 0.000479,
        "af_valence": 0.729,
        "af_tempo": 191.944,
        "language_id": 0.0,
        "vectorized_features": [
          0.668,
          0.725,
          -6.127,
          0.266,
          0.0102,
          0.000479,
          0.729,
          191.944,
          0.0
        ],
        "scaled_vectorized_features": [
          7.327841852630897,
          6.159796405947419,
          -3.6641792586588484,
          3.992941776204325,
          0.06552532349992038,
          0.05447573593154712,
          4.171762307160699,
          5.6707743846517555,
          0.0
        ],
        "probability": [
          6.60623249259783e-24,
          6.60623249259783e-24,
          6.60623249259783e-24,
          6.60623249259783e-24,
          6.60623249259783e-24,
          6.60623249259783e-24,
          1.0,
          6.60623249259783e-24,
          6.60623249259783e-24,
          6.60623249259783e-24
        ],
        "gmm_predictions": 6
      },
      {
        "title": "Trumpets",
        "artist": "Sak Noel & Salvi, Sean Paul",
        "album": "Trumpets (Remixes)",
        "af_danceability": 0.676,
        "af_energy": 0.708,
        "af_loudness": -6.989,
        "af_speechiness": 0.225,
        "af_acousticness": 0.00251,
        "af_instrumentalness": 0.000134,
        "af_valence": 0.435,
        "af_tempo": 100.025,
        "language_id": 0.0,
        "vectorized_features": [
          0.676,
          0.708,
          -6.989,
          0.225,
          0.00251,
          0.000134,
          0.435,
          100.025,
          0.0
        ],
        "scaled_vectorized_features": [
          7.415600437692345,
          6.015359800566583,
          -4.179688075529083,
          3.3774883445337336,
          0.016124368822039232,
          0.015239558694837818,
          2.489323187400417,
          2.955128619934939,
          0.0
        ],
        "probability": [
          6.606232492892145e-24,
          6.606232492892145e-24,
          6.606232492892145e-24,
          6.606232492892145e-24,
          6.606232492892145e-24,
          6.606232492892145e-24,
          1.0,
          6.606232492892145e-24,
          6.606232492892145e-24,
          6.606232492892145e-24
        ],
        "gmm_predictions": 6
      }
    ],
    "spanish": [
      {
        "title": "Otra vez (feat. J Balvin)",
        "artist": "Zion & Lennox",
        "album": "Motivan2",