{
  "cluster_7": {
    "english": [
      {
        "title": "24K Magic",
        "artist": "Bruno Mars",
        "album": "24K Magic",
        "af_danceability": 0.818,
        "af_energy": 0.803,
        "af_loudness": -4.282,
        "af_speechiness": 0.0797,
        "af_acousticness": 0.034,
        "af_instrumentalness": 0.0,
        "af_valence": 0.632,
        "af_tempo": 106.97,
        "language_id": 0.0,
        "vectorized_features": [
          0.818,
          0.803,
          -4.282,
          0.0797,
          0.034,
          0.0,
          0.632,
          106.97,
          0.0
        ],
        "scaled_vectorized_features": [
          8.973315322533043,
          6.822505536518315,
          -2.5607990183739497,
          1.1963814269303934,
          0.2184177449997346,
          0.0,
          3.616671849280606,
          3.160311006992656,
          0.0
        ],
        "probability": [
          5.996608989302324e-23,
          5.996608989302324e-23,
          8.523117320801735e-10,
          5.996608989302324e-23,
          5.996608989302324e-23,
          5.996608989302324e-23,
          5.996608989302324e-23,
          0.9999999991476883,
          5.996608989302324e-23,
          5.996608989302324e-23
        ],
        "gmm_predictions": 7
      },
      {
        "title": "Carnaval",
        "artist": "Maluma",
        "album": "PB.DB. The Mixtape",
        "af_danceability": 0.74,
        "af_energy": 0.859,
        "af_loudness": -4.742,
        "af_speechiness": 0.033,
        "af_acousticness": 0.0365,
        "af_instrumentalness": 1.08e-05,
        "af_valence": 0.782,
        "af_tempo": 130.011,
        "language_id": 0.0,
        "vectorized_features": [
          0.74,
          0.859,
          -4.742,
          0.033,
          0.0365,
          1.08e-05,
          0.782,
          130.011,
          0.0
        ],
        "scaled_vectorized_features": [
          8.117669118183928,
          7.298296707184598,
          -2.8358965308569055,
          0.49536495719828094,
          0.2344778733085386,
          0.0012282629395839433,
          4.47505915528075,
          3.841032012060598,
          0.0
        ],
        "probability": [
          5.99646191020331e-23,
          5.99646191020331e-23,
          7.420940889057708e-23,
          5.99646191020331e-23,
          5.99646191020331e-23,
          5.99646191020331e-23,
          5.99646191020331e-23,
          1.0,
          5.99646191020331e-23,
          5.99646191020331e-23
        ],
        "gmm_predictions": 7
      },
      {
        "title": "Chillax (feat. Ky-Mani Marley)",
        "artist": "Farruko",
        "album": "Visionary",
        "af_danceability": 0.827,
        "af_energy": 0.646,
        "af_loudness": -4.727,
        "af_speechiness": 0.0766,
        "af_acousticness": 0.0724,
        "af_instrumentalness": 0.0,
        "af_valence": 0.512,
        "af_tempo": 92.057,
        "language_id": 0.0,
        "vectorized_features": [
          0.827,
          0.646,
          -4.727,
          0.0766,
          0.0724,
          0.0,
          0.512,
          92.057,
          0.0
        ],
        "scaled_vectorized_features": [
          9.072043730727172,
          5.488591004471769,
          -2.826925959797679,
          1.1498471430723733,
          0.46510131582296427,
          0.0,
          2.9299620044804913,
          2.71972282294777,
          0.0
        ],
        "probability": [
          5.996602163483039e-23,
          5.996602163483039e-23,
          2.1386067724226083e-12,
          5.996602163483039e-23,
          5.996602163483039e-23,
          5.996602163483039e-23,
          5.996602163483039e-23,
          0.9999999999978614,
          5.996602163483039e-23,
          5.996602163483039e-23
        ],
        "gmm_predictions": 7
      },
      {
        "title": "Dont Wanna Know",
        "artist": "Maroon 5, Kendrick Lamar",
        "album": "Dont Wanna Know",
        "af_danceability": 0.783,
        "af_energy": 0.623,
        "af_loudness": -6.126,
        "af_speechiness": 0.08,
        "af_acousticness": 0.338,
        "af_instrumentalness": 0.0,
        "af_valence": 0.447,
        "af_tempo": 100.048,
        "language_id": 0.0,
        "vectorized_features": [
          0.783,
          0.623,
          -6.126,
          0.08,
          0.338,
          0.0,
          0.447,
          100.048,
          0.0
        ],
        "scaled_vectorized_features": [
          8.58937151288921,
          5.293176773662403,
          -3.6635812205882337,
          1.2008847447231052,
          2.171329347350303,
          0.0,
          2.557994171880429,
          2.9558081296400975,
          0.0
        ],
        "probability": [
          5.996550074775657e-23,
          5.996550074775657e-23,
          2.5081880987691656e-08,
          5.996550074775657e-23,
          5.996550074775657e-23,
          5.996550074775657e-23,
          5.996550074775657e-23,
          0.999999974918119,
          5.996550074775657e-23,
          5.996550074775657e-23
        ],
        "gmm_predictions": 7
      },
      {
        "title": "Gyal You A Party Animal - Remix",
        "artist": "Charly Black, Daddy Yankee",
        "album": "Gyal You A Party Animal (Remix)",
        "af_danceability": 0.723,
        "af_energy": 0.889,
        "af_loudness": -4.017,
        "af_speechiness": 0.0939,
        "af_acousticness": 0.0673,
        "af_instrumentalness": 0.0,
        "af_valence": 0.701,
        "af_tempo": 101.032,
        "language_id": 0.0,
        "vectorized_features": [
          0.723,
          0.889,
          -4.017,
          0.0939,
          0.0673,
          0.0,
          0.701,
          101.032,
          0.0
        ],
        "scaled_vectorized_features": [
          7.93118212492835,
          7.553184834327249,
          -2.4023189296609426,
          1.4095384691187447,
          0.43233865407300404,
          0.0,
          4.011530010040672,
          2.984879327460802,
          0.0
        ],
        "probability": [
          5.996448992896337e-23,
          5.996448992896337e-23,
          1.123866778188167e-07,
          5.996448992896337e-23,
          5.996448992896337e-23,
          5.996448992896337e-23,
          5.996448992896337e-23,
          0.9999998876133221,
          5.996448992896337e-23,
          5.996448992896337e-23
        ],
        "gmm_predictions": 7
      },
      {
        "title": "Sin Contrato",
        "artist": "Maluma",
        "album": "Pretty Boy, Dirty Boy",
        "af_danceability": 0.748,
        "af_energy": 0.866,
        "af_loudness": -3.41,
        "af_speechiness": 0.057,
        "af_acousticness": 0.111,
        "af_instrumentalness": 0.0,
        "af_valence": 0.839,
        "af_tempo": 96.037,
        "language_id": 0.0,
        "vectorized_features": [
          0.748,
          0.866,
          -3.41,
          0.057,
          0.111,
          0.0,
          0.839,
          96.037,
          0.0
        ],
        "scaled_vectorized_features": [
          8.205427703245375,
          7.357770603517883,
          -2.039309820797564,
          0.8556303806152125,
          0.7130696969108982,
          0.0,
          4.8012463315608045,
          2.8373075458404573,
          0.0
        ],
        "probability": [
          5.996516136573775e-23,
          5.996516136573775e-23,
          7.050055647151928e-08,
          5.996516136573775e-23,
          5.996516136573775e-23,
          5.996516136573775e-23,
          5.996516136573775e-23,
          0.9999999294994436,
          5.996516136573775e-23,
          5.996516136573775e-23
        ],
        "gmm_predictions": 7
      },
      {
        "title": "Te Quiero Pa´Mi",
        "artist": "Don Omar, Zion & Lennox",
        "album": "King Of Kings 10th Anniversary (Remastered)",
        "af_danceability": 0.761,
        "af_energy": 0.82,
        "af_loudness": -4.003,