{
  "cluster_3": {
    "english": [
      {
        "title": "Adventure of a Lifetime",
        "artist": "Coldplay",
        "album": "A Head Full of Dreams",
        "af_danceability": 0.638,
        "af_energy": 0.924,
        "af_loudness": -3.887,
        "af_speechiness": 0.036,
        "af_acousticness": 0.00205,
        "af_instrumentalness": 0.000175,
        "af_valence": 0.53,
        "af_tempo": 111.995,
        "language_id": 0.0,
        "vectorized_features": [
          0.638,
          0.924,
          -3.887,
          0.036,
          0.00205,
          0.000175,
          0.53,
          111.995,
          0.0
        ],
        "scaled_vectorized_features": [
          6.998747158650467,
          7.850554315993676,
          -2.324573980480977,
          0.5403981351253974,
          0.013169305213219292,
          0.019902408743258344,
          3.0329684812005087,
          3.3087691056197297,
          0.0
        ],
        "probability": [
          1.4206461841396113e-15,
          1.4206461841396113e-15,
          1.4206461841396113e-15,
          0.9999999999999929,
          1.4206461841396113e-15,
          1.4206461841396113e-15
        ],
        "gmm_predictions": 3
      },
      {
        "title": "Call On Me - Ryan Riback Extended Remix",
        "artist": "Starley",
        "album": "Call On Me (Remixes)",
        "af_danceability": 0.67,
        "af_energy": 0.838,
        "af_loudness": -4.031,
        "af_speechiness": 0.0362,
        "af_acousticness": 0.0604,
        "af_instrumentalness": 0.000611,
        "af_valence": 0.717,
        "af_tempo": 104.998,
        "language_id": 0.0,
        "vectorized_features": [
          0.67,
          0.838,
          -4.031,
          0.0362,
          0.0604,
          0.000611,
          0.717,
          104.998,
          0.0
        ],
        "scaled_vectorized_features": [
          7.349781498896259,
          7.119875018184741,
          -2.410691462649554,
          0.5434003469872052,
          0.388012699940705,
          0.06948783852646198,
          4.1030913226806875,
          3.1020504357503498,
          0.0
        ],
        "probability": [
          1.401150616063066e-15,
          1.401150616063066e-15,
          1.401150616063066e-15,
          0.999999999999993,
          1.401150616063066e-15,
          1.401150616063066e-15
        ],
        "gmm_predictions": 3
      },
      {
        "title": "Hymn for the Weekend - Seeb Remix",
        "artist": "Coldplay",
        "album": "A Head Full of Dreams Tour Edition",
        "af_danceability": 0.564,
        "af_energy": 0.849,
        "af_loudness": -3.516,
        "af_speechiness": 0.0517,
        "af_acousticness": 0.00868,
        "af_instrumentalness": 4.68e-06,
        "af_valence": 0.427,
        "af_tempo": 102.028,
        "language_id": 0.0,
        "vectorized_features": [
          0.564,
          0.849,
          -3.516,
          0.0517,
          0.00868,
          4.68e-06,
          0.427,
          102.028,
          0.0
        ],
        "scaled_vectorized_features": [
          6.186980246832073,
          7.213333998137046,
          -2.1027018562827666,
          0.7760717662773068,
          0.05576076548816754,
          0.0005322472738197088,
          2.4435425310804093,
          3.0143050520841985,
          0.0
        ],
        "probability": [
          0.005838758781556577,
          1.4495820880382867e-15,
          1.4495820880382867e-15,
          0.9941612412184376,
          1.4495820880382867e-15,
          1.4495820880382867e-15
        ],
        "gmm_predictions": 3
      },
      {
        "title": "Just Hold On",
        "artist": "Steve Aoki, Louis Tomlinson",
        "album": "Just Hold On",
        "af_danceability": 0.647,
        "af_energy": 0.932,
        "af_loudness": -3.515,
        "af_speechiness": 0.0824,
        "af_acousticness": 0.00383,
        "af_instrumentalness": 1.5e-06,
        "af_valence": 0.374,
        "af_tempo": 114.991,
        "language_id": 0.0,
        "vectorized_features": [
          0.647,
          0.932,
          -3.515,
          0.0824,
          0.00383,
          1.5e-06,
          0.374,
          114.991,
          0.0
        ],
        "scaled_vectorized_features": [
          7.097475566844596,
          7.918524483231717,
          -2.102103818212152,
          1.2369112870647985,
          0.024604116569087748,
          0.00017059207494221436,
          2.1402456829603587,
          3.3972826306917123,
          0.0
        ],
        "probability": [
          0.007351112033703539,
          1.4612638653903466e-15,
          1.4612638653903466e-15,
          0.9926488879662906,
          1.4612638653903466e-15,
          1.4612638653903466e-15
        ],
        "gmm_predictions": 3
      },
      {
        "title": "Lean On (feat. MØ & DJ Snake)",
        "artist": "Major Lazer",
        "album": "Peace Is The Mission",
        "af_danceability": 0.723,
        "af_energy": 0.809,
        "af_loudness": -3.081,
        "af_speechiness": 0.0625,
        "af_acousticness": 0.00346,
        "af_instrumentalness": 0.00123,
        "af_valence": 0.274,
        "af_tempo": 98.007,
        "language_id": 0.0,
        "vectorized_features": [
          0.723,
          0.809,
          -3.081,
          0.0625,
          0.00346,
          0.00123,
          0.274,
          98.007,
          0.0
        ],
        "scaled_vectorized_features": [
          7.93118212492835,
          6.873483161946845,
          -1.842555295565189,
          0.938191206814926,
          0.022227217579384756,
          0.13988550145261577,
          1.5679874789602628,
          2.895509029282315,
          0.0
        ],
        "probability": [
          1.4194644589270545e-15,
          1.4194644589270545e-15,
          1.4194644589270545e-15,
          0.9999999999999929,
          1.4194644589270545e-15,
          1.4194644589270545e-15
        ],
        "gmm_predictions": 3
      },
      {
        "title": "Light It Up (feat. Nyla & Fuse ODG) - Remix",
        "artist": "Major Lazer",
        "album": "Peace Is The Mission: Extended",
        "af_danceability": 0.746,
        "af_energy": 0.877,
        "af_loudness": -3.782,
        "af_speechiness": 0.0666,
        "af_acousticness": 0.0375,
        "af_instrumentalness": 0.000833,
        "af_valence": 0.751,
        "af_tempo": 107.985,
        "language_id": 0.0,
        "vectorized_features": [
          0.746,
          0.877,
          -3.782,
          0.0666,
          0.0375,
          0.000833,
          0.751,
          107.985,
          0.0
        ],
        "scaled_vectorized_features": [
          8.183488056980012,
          7.451229583470188,
          -2.261779983066389,
          0.9997365499819852,
          0.2409019246320602,
          0.09473546561790971,
          4.29765911204072,
          3.1902980657203135,
          0.0
        ],
        "probability": [
          1.4199576303390013e-15,
          1.4199576303390013e-15,
          1.4199576303390013e-15,
          0.9999999999999929,
          1.4199576303390013e-15,
          1.4199576303390013e-15
        ],
        "gmm_predictions": 3
      },
      {
        "title": "My Way",
        "artist": "Calvin Harris",
        "album": "My Way",
        "af_danceability": 0.818,
        "af_energy": 0.913,
        "af_loudness": -3.06,
        "af_speechiness": 0.0426,
        "af_acousticness": 0.093,
        "af_instrumentalness": 3.69e-05,
        "af_valence": 0.536,
        "af_tempo": 119.986,
        "language_id": 0.0,
        "vectorized_features": [
          0.818,
          0.913,
          -3.06,
          0.0426,
          0.093,
          3.69e-05,
          0.536,
          119.986,
          0.0
        ],