{
  "cluster_9": {
    "english": [
      {
        "title": "Dont Let Me Down (feat. Daya)",
        "artist": "The Chainsmokers",
        "album": "The Chainsmokers- Japan Special Edition",
        "af_danceability": 0.542,
        "af_energy": 0.859,
        "af_loudness": -5.651,
        "af_speechiness": 0.197,
        "af_acousticness": 0.16,
        "af_instrumentalness": 0.00466,
        "af_valence": 0.403,
        "af_tempo": 159.797,
        "language_id": 0.0,
        "vectorized_features": [
          0.542,
          0.859,
          -5.651,
          0.197,
          0.16,
          0.00466,
          0.403,
          159.797,
          0.0
        ],
        "scaled_vectorized_features": [
          5.945644137913093,
          7.298296707184598,
          -3.3795131370460507,
          2.9571786838806466,
          1.0278482117634569,
          0.5299727128204793,
          2.3062005621203867,
          4.721026624141398,
          0.0
        ],
        "probability": [
          2.6669032791747867e-32,
          2.6669032791747867e-32,
          2.6669032791747867e-32,
          2.6669032791747867e-32,
          2.6669032791747867e-32,
          2.6669032791747867e-32,
          2.6669032791747867e-32,
          2.6669032791747867e-32,
          2.6669032791747867e-32,
          1.0
        ],
        "gmm_predictions": 9
      },
      {
        "title": "One Dance",
        "artist": "Drake, WizKid, Kyla",
        "album": "Views",
        "af_danceability": 0.791,
        "af_energy": 0.619,
        "af_loudness": -5.886,
        "af_speechiness": 0.0532,
        "af_acousticness": 0.00784,
        "af_instrumentalness": 0.00423,
        "af_valence": 0.371,
        "af_tempo": 103.989,
        "language_id": 0.0,
        "vectorized_features": [
          0.791,
          0.619,
          -5.886,
          0.0532,
          0.00784,
          0.00423,
          0.371,
          103.989,
          0.0
        ],
        "scaled_vectorized_features": [
          8.677130097950657,
          5.259191690043383,
          -3.5200520836406044,
          0.7985883552408649,
          0.050364562376409384,
          0.48106965133704455,
          2.123077936840356,
          3.0722406404240377,
          0.0
        ],
        "probability": [
          2.666903279174616e-32,
          2.666903279174616e-32,
          2.666903279174616e-32,
          2.666903279174616e-32,
          2.666903279174616e-32,
          2.666903279174616e-32,
          2.666903279174616e-32,
          2.666903279174616e-32,
          2.666903279174616e-32,
          1.0
        ],
        "gmm_predictions": 9
      },
      {
        "title": "This Is What You Came For (feat. Rihanna)",
        "artist": "Calvin Harris",
        "album": "This Is What You Came For",
        "af_danceability": 0.631,
        "af_energy": 0.927,
        "af_loudness": -2.787,
        "af_speechiness": 0.0332,
        "af_acousticness": 0.199,
        "af_instrumentalness": 0.119,
        "af_valence": 0.465,
        "af_tempo": 123.962,
        "language_id": 0.0,
        "vectorized_features": [
          0.631,
          0.927,
          -2.787,
          0.0332,
          0.199,
          0.119,
          0.465,
          123.962,
          0.0
        ],
        "scaled_vectorized_features": [
          6.9219583967217,
          7.876043128707942,
          -1.6667321028043431,
          0.49836716906008866,
          1.2783862133807995,
          13.533637945415672,
          2.6610006486004463,
          3.6623209596038477,
          0.0
        ],
        "probability": [
          2.66690327917509e-32,
          2.66690327917509e-32,
          2.66690327917509e-32,
          2.66690327917509e-32,
          2.66690327917509e-32,
          2.66690327917509e-32,
          2.66690327917509e-32,
          2.66690327917509e-32,
          2.66690327917509e-32,
          1.0
        ],
        "gmm_predictions": 9
      }
    ],
    "spanish": [
      {
        "title": "Cuando Pase El Temblor - Remasterizado 2007",
        "artist": "Soda Stereo",
        "album": "Nada Personal (Remastered)",
        "af_danceability": 0.652,
        "af_energy": 0.607,
        "af_loudness": -8.657,
        "af_speechiness": 0.0368,
        "af_acousticness": 0.0314,
        "af_instrumentalness": 0.00285,
        "af_valence": 0.72,
        "af_tempo": 94.089,
        "language_id": 1.0,
        "vectorized_features": [
          0.652,
          0.607,
          -8.657,
          0.0368,
          0.0314,
          0.00285,
          0.72,
          94.089,
          1.0
        ],
        "scaled_vectorized_features": [
          7.1523246825080005,
          5.157236439186322,
          -5.177215577315105,
          0.5524069825726284,
          0.20171521155857838,
          0.3241249423902073,
          4.12025906880069,
          2.7797560282035336,
          2.202220868479077
        ],
        "probability": [
          2.666903279174806e-32,
          2.666903279174806e-32,
          2.666903279174806e-32,
          2.666903279174806e-32,
          2.666903279174806e-32,
          2.666903279174806e-32,
          2.666903279174806e-32,
          2.666903279174806e-32,
          2.666903279174806e-32,
          1.0
        ],
        "gmm_predictions": 9
      }
    ]
  }
}